precision,accuracy,recall,duration
0.3526298334167498,0.359375,0.359375,816.7755386829376
