precision,accuracy,recall,duration
0.3316983304359258,0.3515625,0.3515625,874.8671622276306
