precision,accuracy,recall,duration
0.9754050925925927,0.975,0.975,31.75322723388672
