precision,accuracy,recall,duration
0.7176261645962733,0.7083333333333334,0.7083333333333334,9.160932779312134
