precision,accuracy,recall,duration
0.9921296296296297,0.9916666666666667,0.9916666666666667,32.27242732048035
