precision,accuracy,recall,duration
0.9921875,0.9916666666666667,0.9916666666666667,257.67996978759766
