best_model_train_loss,best_model_val_loss,best_model_train_acc,best_model_val_acc,best_model_learning_rate,best_model_nb_epoch
0.01254187524318695,0.6311188340187073,0.9981971383094788,0.8221153616905212,0.0010000000474974513,2964
