precision,accuracy,recall,duration
0.9965402287293121,0.9965277777777778,0.9965277777777778,1549.136147260666
