precision,accuracy,recall,duration
0.8616199012615104,0.8537037037037037,0.8537037037037037,890.2937276363373
