precision,accuracy,recall,duration
0.9990838206627681,0.9990740740740741,0.9990740740740741,1791.7827277183533
