precision,accuracy,recall,duration
0.5509893065631604,0.5472222222222223,0.5472222222222223,108.14880394935608
