best_model_train_loss,best_model_val_loss,best_model_train_acc,best_model_val_acc,best_model_learning_rate,best_model_nb_epoch
0.06255029886960983,0.3973392844200134,0.9831480383872986,0.8965355753898621,0.0010000000474974513,2999
