precision,accuracy,recall,duration
0.7285271879905593,0.7287037037037037,0.7287037037037037,895.9357290267944
