precision,accuracy,recall,duration
0.9990736846321777,0.9990636704119851,0.9990636704119851,6344.9380803108215
