precision,accuracy,recall,duration
0.9097364923552975,0.9087078651685393,0.9087078651685393,2153.2282524108887
