precision,accuracy,recall,duration
0.8050495587678758,0.8099250936329588,0.8099250936329588,211.88905596733093
