precision,accuracy,recall,duration
0.78651660084313,0.78125,0.78125,1035.2183001041412
