best_model_train_loss,best_model_val_loss,best_model_train_acc,best_model_val_acc,best_model_learning_rate,best_model_nb_epoch
0.008760256692767143,0.3408890664577484,0.998010516166687,0.908707857131958,0.0010000000474974513,2950
