precision,accuracy,recall,duration
0.8816163692212976,0.8798076923076923,0.8798076923076923,139.2687063217163
