precision,accuracy,recall,duration
0.9990841384863125,0.9990740740740741,0.9990740740740741,1786.3432517051697
