precision,accuracy,recall,duration
0.826649948307539,0.8221153846153846,0.8221153846153846,1004.2821528911591
