precision,accuracy,recall,duration
0.9953762483459931,0.9953183520599251,0.9953183520599251,6263.210692167282
