precision,accuracy,recall,duration
0.7624254138921529,0.7631944444444444,0.7631944444444444,140.95407629013062
