precision,accuracy,recall,duration
0.9960156689440398,0.9959935897435898,0.9959935897435898,1345.2871050834656
