precision,accuracy,recall,duration
0.9916339258607427,0.9915730337078652,0.9915730337078652,4854.589500665665
