precision,accuracy,recall,duration
0.896963233678123,0.8965355805243446,0.8965355805243446,2125.299353837967
