precision,accuracy,recall,duration
0.6157695050818688,0.5953703703703703,0.5953703703703703,1356.2298257350922
