best_model_train_loss,best_model_val_loss,best_model_train_acc,best_model_val_acc,best_model_learning_rate,best_model_nb_epoch
0.15615753829479218,1.031394600868225,0.9631944298744202,0.7287036776542664,0.0010000000474974513,2986
