best_model_train_loss,best_model_val_loss,best_model_train_acc,best_model_val_acc,best_model_learning_rate,best_model_nb_epoch
0.012298373505473137,0.5998125672340393,0.998379647731781,0.8537036776542664,0.0010000000474974513,2964
