precision,accuracy,recall,duration
0.7416820777622832,0.7361111111111112,0.7361111111111112,119.99152684211731
