precision,accuracy,recall,duration
0.822082757089145,0.7837078651685393,0.7837078651685393,4805.601162672043
