precision,accuracy,recall,duration
0.9211598564813269,0.920880149812734,0.920880149812734,227.8678605556488
