best_model_train_loss,best_model_val_loss,best_model_train_acc,best_model_val_acc,best_model_learning_rate,best_model_nb_epoch
0.0010114623000845313,0.48026102781295776,0.9998829960823059,0.9953183531761169,9.999999747378752e-05,995
