precision,accuracy,recall,duration
0.9266666666666665,0.92,0.92,122.94061851501465
