precision,accuracy,recall,duration
0.8634782608695651,0.88,0.88,12.813323736190796
