precision,accuracy,recall,duration
0.7184628237259817,0.631578947368421,0.631578947368421,852.4394640922546
