precision,accuracy,recall,duration
0.7609022556390979,0.7368421052631579,0.7368421052631579,441.4702446460724
