precision,accuracy,recall,duration
0.7087719298245615,0.6842105263157895,0.6842105263157895,12.969670057296753
