precision,accuracy,recall,duration
0.6218045112781955,0.631578947368421,0.631578947368421,71.61975765228271
