precision,accuracy,recall,duration
0.868391769626148,0.8707482993197279,0.8707482993197279,1411.670610666275
