precision,accuracy,recall,duration
0.8075350641200038,0.8163265306122449,0.8163265306122449,564.8357982635498
