precision,accuracy,recall,duration
0.8407210495842202,0.8344671201814059,0.8344671201814059,696.2794959545135
