precision,accuracy,recall,duration
0.9841764728588949,0.9841269841269841,0.9841269841269841,7023.010222911835
