precision,accuracy,recall,duration
0.758224814033397,0.7528344671201814,0.7528344671201814,111.68520879745483
