precision,accuracy,recall,duration
0.9066172330438506,0.9024943310657596,0.9024943310657596,100.9958827495575
