precision,accuracy,recall,duration
0.7576001717111965,0.7528344671201814,0.7528344671201814,2511.9923174381256
