precision,accuracy,recall,duration
0.6283702937616381,0.6303854875283447,0.6303854875283447,69.0147430896759
