precision,accuracy,recall,duration
0.596213166742121,0.604221635883905,0.604221635883905,416.02583479881287
