precision,accuracy,recall,duration
0.9896669383469863,0.9894459102902374,0.9894459102902374,856.4468476772308
