precision,accuracy,recall,duration
0.5944908542301062,0.6147757255936676,0.6147757255936676,447.133615732193
