precision,accuracy,recall,duration
0.9973844212458415,0.9973614775725593,0.9973614775725593,1612.7645328044891
