precision,accuracy,recall,duration
0.9228366592520834,0.9150561097256857,0.9150561097256857,157644.78240680695
