precision,accuracy,recall,duration
0.9995957506147757,0.9995957309184994,0.9995957309184994,8375.535301208496
