precision,accuracy,recall,duration
0.9542408240763752,0.9538653366583542,0.9538653366583542,3200.544076681137
