precision,accuracy,recall,duration
0.9995957926631487,0.9995957309184994,0.9995957309184994,33122.229567050934
