best_model_train_loss,best_model_val_loss,best_model_train_acc,best_model_val_acc,best_model_learning_rate,best_model_nb_epoch
0.030398592352867126,0.7323276400566101,0.9902974963188171,0.8426330089569092,0.0010000000474974513,2971
