precision,accuracy,recall,duration
0.9431499481985108,0.9431369492934331,0.9431369492934331,185128.2404794693
