precision,accuracy,recall,duration
0.8806429529991241,0.880632815868909,0.880632815868909,1984.3625988960266
