precision,accuracy,recall,duration
0.8830431236941344,0.8804260293544616,0.8804260293544616,27061.52823281288
