precision,accuracy,recall,duration
0.9967153708360956,0.9967009559434746,0.9967009559434746,161949.91893553734
