precision,accuracy,recall,duration
0.8346616468868394,0.8349396025457851,0.8349396025457851,2789.178415775299
