best_model_train_loss,best_model_val_loss,best_model_train_acc,best_model_val_acc,best_model_learning_rate,best_model_nb_epoch
0.014442712999880314,0.24898485839366913,0.995466947555542,0.9431369304656982,0.0010000000474974513,980
