precision,accuracy,recall,duration
0.9327932893524268,0.9322445019404916,0.9322445019404916,6099.807648181915
