best_model_train_loss,best_model_val_loss,best_model_train_acc,best_model_val_acc,best_model_learning_rate,best_model_nb_epoch
0.2474863976240158,0.32862037420272827,0.9032921195030212,0.8698792457580566,0.0010000000474974513,2975
