precision,accuracy,recall,duration
0.9990571056236593,0.9990567054764985,0.9990567054764985,2183.0894026756287
