best_model_train_loss,best_model_val_loss,best_model_train_acc,best_model_val_acc,best_model_learning_rate,best_model_nb_epoch
0.25128915905952454,0.28157955408096313,0.8962866067886353,0.8804260492324829,0.0010000000474974513,996
