precision,accuracy,recall,duration
0.982724763226051,0.9827242345838724,0.9827242345838724,80101.5146086216
