precision,accuracy,recall,duration
0.937514982871396,0.9357481673134972,0.9357481673134972,18309.24750852585
