precision,accuracy,recall,duration
0.872085734530552,0.8698792583009918,0.8698792583009918,69337.66522884369
