precision,accuracy,recall,duration
0.9637146152703941,0.9628523184829199,0.9628523184829199,26797.452077627182
