precision,accuracy,recall,duration
0.8423849764044572,0.8426330008312551,0.8426330008312551,38056.13546347618
