best_model_train_loss,best_model_val_loss,best_model_train_acc,best_model_val_acc,best_model_learning_rate,best_model_nb_epoch
0.014863821677863598,0.3837898373603821,0.9952331781387329,0.9150820970535278,0.0010000000474974513,990
