precision,accuracy,recall,duration
0.9928946105000915,0.9928418704099656,0.9928418704099656,12211.565227746964
