precision,accuracy,recall,duration
0.9987914787815623,0.9987914846146695,0.9987914846146695,12428.667964696884
