precision,accuracy,recall,duration
0.9891475201280627,0.9891233615320256,0.9891233615320256,3724.6203038692474
