loss,accuracy,val_loss,val_accuracy
0.31508609652519226,0.900901734828949,0.5167412757873535,0.859347403049469
0.08355583995580673,0.9742493033409119,0.28153789043426514,0.9060146808624268
