precision,accuracy,recall,duration
0.9982315810970337,0.9982337082829785,0.9982337082829785,3328.0952072143555
