precision,accuracy,recall,duration
0.9977739769619818,0.997768894673236,0.997768894673236,2873.9084837436676
