loss,accuracy,val_loss,val_accuracy,lr
1.2459211349487305,0.584433376789093,1.9263442754745483,0.36171793937683105,0.001
0.7565346956253052,0.7581807374954224,1.9812521934509277,0.5328623056411743,0.001
