precision,accuracy,recall,duration
0.9948968991493813,0.9948870502928325,0.9948870502928325,16187.395118236542
