precision,accuracy,recall,duration
0.7325487143015788,0.5326763967648973,0.5326763967648973,61.19214940071106
