precision,accuracy,recall,duration
0.9972095269502826,0.9972111183415451,0.9972111183415451,12291.309366464615
