precision,accuracy,recall,duration
0.9973020502083912,0.9973040810634936,0.9973040810634936,12232.929253578186
