precision,accuracy,recall,duration
0.9294851201029776,0.9059217253881193,0.9059217253881193,9.600193500518799
