precision,accuracy,recall,duration
0.9950679662314716,0.9950729757367296,0.9950729757367296,26281.5080037117
