precision,accuracy,recall,duration
0.9978670346844919,0.9978618573951845,0.9978618573951845,24590.519812107086
