precision,accuracy,recall,duration
0.9982309546656294,0.9982337082829785,0.9982337082829785,32500.38167333603
