precision,accuracy,recall,duration
0.9986051654921027,0.9986055591707725,0.9986055591707725,16493.238843917847
