precision,accuracy,recall,duration
0.9900653412101482,0.9897741005856652,0.9897741005856652,11424.33819103241
