precision,accuracy,recall,duration
0.8330267218770214,0.827368225341638,0.827368225341638,8433.030815124512
