precision,accuracy,recall,duration
0.9964761328760662,0.996467416565957,0.996467416565957,12284.3800137043
