precision,accuracy,recall,duration
0.9899351959769163,0.9898670633076136,0.9898670633076136,24854.13392972946
