precision,accuracy,recall,duration
0.995280329709636,0.9952589011806265,0.9952589011806265,2700.778868198395
