best_model_train_loss,best_model_val_loss,best_model_train_acc,best_model_val_acc,best_model_learning_rate,best_model_nb_epoch
0.06877732276916504,0.03582495078444481,0.9761782884597778,0.9897741079330444,0.0010000000474974513,2979
